R,Accuracy1,Accuracy2
1,0.966397,0.999205
2,0.969737,0.999249
3,0.97138,0.999268
4,0.972003,0.99928
5,0.972221,0.999299
